{"training_loss": 144.9617774784565, "_timestamp": 1717776234.8515668, "_runtime": 138.86516880989075, "_step": 5, "rec_10": 0.13005000352859497, "ndcg_10": 0.1299007683992386, "_wandb": {"runtime": 82}}