{"training_loss": 62.33809034526348, "_timestamp": 1717775022.2683606, "_runtime": 460.78851556777954, "_step": 23, "rec_5": 0.15466667711734772, "ndcg_5": 0.17576193809509277, "_wandb": {"runtime": 448}}