{"training_loss": 67.1273856908083, "_timestamp": 1717776442.7349362, "_runtime": 152.62839913368225, "_step": 13, "rec_10": 0.2071666568517685, "ndcg_10": 0.19742316007614136}