{"training_loss": 744.6428877711296, "_timestamp": 1717974207.5998394, "_runtime": 562.1269614696503, "_step": 5, "test_recall": 0.6890272667232757, "test_precision": 0.05485285943907825, "test_f1_score": 0.10161614615582626, "rec_20": 0.20712918043136597, "ndcg_20": 0.42933326959609985}