{"training_loss": 801.5473590195179, "_timestamp": 1717973554.9328246, "_runtime": 915.0262105464935, "_step": 9, "test_recall": 0.3050287762996509, "test_precision": 0.10941518884526871, "test_f1_score": 0.16105811144045631, "rec_20": 0.23120397329330444, "ndcg_20": 0.4505537450313568, "_wandb": {"runtime": 913}}