{"training_loss": 78.52768735587597, "_timestamp": 1717774042.4001822, "_runtime": 741.5153212547302, "_step": 25, "rec_5": 0.11947900801897049, "ndcg_5": 0.13565216958522797, "train_loss": 80.11343452334404, "_wandb": {"runtime": 749}}