Epoch,Loss,Recall,NDCG,Training Time
0,132.22903382778168,,,16.600386381149292
1,81.24277817457914,,,16.716392517089844
2,67.91627721488476,,,16.56913423538208
3,64.65200316160917,,,16.562578201293945
4,58.61884119361639,0.114748015999794,0.1190827339887619,16.85322856903076
